{
    "Anime Radio": [
        "https://pool.anison.fm/AniSonFM(320)?nocache=0.05"
    ],
    "Arabian Radio": [
        "http://stream.laut.fm/balkan-orient-deluxe"
    ],
    "Bass Radio": [
        "http://stream.laut.fm/bass-base"
    ],
    "Chill": [
        "https://db.vmusic.ir/2021/05/Lofi%20Sleep%20Chill%20&%20Study%20-%20Relaxing%20Lofi%20Chill%20Beats%20(2021)/128k/07)%20Lofi%20Sleep%20Chill%20&%20Study%20-%20Beats%20Cool.mp3",
        "https://db.vmusic.ir/2021/05/Lofi%20Sleep%20Chill%20&%20Study%20-%20Relaxing%20Lofi%20Chill%20Beats%20(2021)/128k/08)%20Lofi%20Sleep%20Chill%20&%20Study%20-%20Smooth%20Vibes.mp3",
        "https://db.vmusic.ir/2021/05/Lofi%20Sleep%20Chill%20&%20Study%20-%20Relaxing%20Lofi%20Chill%20Beats%20(2021)/128k/09)%20Lofi%20Sleep%20Chill%20&%20Study%20-%20Beats%20For%20Tomorrow.mp3",
        "https://dl.vmusic.ir/2020/12/Ambient%20Relaxation/128k/131)%20Antonin%20Luther%20-%20Gentle%20Clouds%20-%202020.mp3",
        "https://dl.vmusic.ir/2020/12/Ambient%20Relaxation/128k/132)%20P%C3%A1sztor%20Bernadett%20-%20Depth%20Of%20Mind%20-%202020.mp3",
        "https://dl.vmusic.ir/2020/12/Ambient%20Relaxation/128k/133)%20Interstellar%20Journey%20-%20Moons%20In%20The%20Rings%20-%202020.mp3",
        "https://dl.vmusic.ir/2020/12/Ambient%20Relaxation/128k/134)%20Nathanael%20Ekstr%C3%B6m%20-%20N%C3%A4r%20Natten%20Faller%20-%202020.mp3"
    ],
    "Dance Radio": [
        "http://stream.laut.fm/happyfmdance"
    ],
    "Disco Radio": [
        "http://stream.laut.fm/disco"
    ],
    "Electronic Music Radio": [
        "http://stream.laut.fm/bigbeat-radio"
    ],
    "I Love Radio": [
        "https://streams.ilovemusic.de/iloveradio3.mp3"
    ],
    "Jazz Radio": [
        "http://stream.laut.fm/kramladen"
    ],
    "Kpop Hits": [
        "http://stream.laut.fm/kpophits"
    ],
    "Lofi Anime Radio": [
        "http://stream.laut.fm/animealive"
    ],
    "Lofi Study Radio": [
        "https://db.vmusic.ir/2021/05/Lofi%20Sleep%20Chill%20&%20Study%20-%20Relaxing%20Lofi%20Chill%20Beats%20(2021)/128k/10)%20Lofi%20Sleep%20Chill%20&%20Study%20-%20Lofi%20Study%20Time.mp3"
    ],
    "Lofi Panda Radio": [
        "http://stream.laut.fm/pandalounge"
    ],
    "Lofi Radio": [
        "http://stream.laut.fm/lofi"
    ],
    "Persian Rap": [
        "https://imgurl.ir/download.php?file=u251650_2022nim-and-reza-pishro.mp3",
        "https://imgurl.ir/download.php?file=d589542_AgAD4hEAAqDzwFI.mp3",
        "https://imgurl.ir/download.php?file=v552468_AgADHQ4AApMzIVM.mp3",
        "https://imgurl.ir/download.php?file=v911233_AgADiAoAAiVEIFA.mp3",
        "https://imgurl.ir/download.php?file=j719261_AgADKQwAAvS0yVI.mp3",
        "https://imgurl.ir/download.php?file=s63213_AgADSQgAAojW-FI.mp3",
        "https://imgurl.ir/download.php?file=922061_AgADxwwAAptGiFA.mp3",
        "https://imgurl.ir/download.php?file=h966515_ahoora-tabar-128.mp3",
        "https://imgurl.ir/download.php?file=k354986_Eminem-B_ch_Please_II.mp3",
        "https://imgurl.ir/download.php?file=g637552_Gang_Remix_Number_01_Melodya.mp3",
        "https://imgurl.ir/download.php?file=z545255_Gang_Remix_Number_03_Melodya.mp3",
        "https://imgurl.ir/download.php?file=c427885_Gang_Remix_Number_08_Melodya.mp3",
        "https://imgurl.ir/download.php?file=h727297_Gang_Remix_Number_09_Melodya.mp3",
        "https://imgurl.ir/download.php?file=o926420_Gang_Remix_Number_14_Melodya.mp3",
        "https://imgurl.ir/download.php?file=c892572_hiprap-remix.mp3",
        "https://imgurl.ir/download.php?file=m81690_Masked-Wolf-Astronaut-In-The-Ocean-Remix-.mp3",
        "https://imgurl.ir/download.php?file=z231262_Mehrad_Hidden_-__Nakhla__Remix.mp3",
        "https://imgurl.ir/download.php?file=s27252_Mehrad_Hidden_-_Khodaye_rangin_kamanfor_kian.mp3",
        "https://imgurl.ir/download.php?file=o480873_MUDI_Warde_320.mp3",
        "https://imgurl.ir/download.php?file=l584868_nasle-3-remix.mp3",
        "https://imgurl.ir/download.php?file=b512296_remix-rap-2021-salatin.mp3",
        "https://imgurl.ir/download.php?file=r75409_Sakura_Remix.mp3",
        "https://imgurl.ir/download.php?file=a18437_Telegram_XbestMusicParsa_Afrazi__2pac__Pishro___Hichkas__Eazy_-_Hommie_Remix.mp3",
        "https://imgurl.ir/download.php?file=y80280_The_Don_x_Amir_Khalvat_x_Raha_x_Koorosh_x_Hiphopologist_x_Vinak_x_Khalse_-_Ta_Khode_F.mp3",
        "https://imgurl.ir/download.php?file=v25257_the-end-lil-mremix.mp3",
        "https://imgurl.ir/download.php?file=n733456_Zed_Bazi_-_Remix_Dj_AFX.mp3",
        "https://imgurl.ir/download.php?file=p51774_Zed_Bazi_-_Club_Edit___Remix_Dj_Diba.mp3",
        "https://ememay.ir/wp-content/uploads/2024/05/Reza-Pishro-Boyz-in-the-Hood.mp3",
        "https://ememay.ir/wp-content/uploads/2024/05/Reza-Pishro-Rap-Game.mp3",
        "https://ememay.ir/wp-content/uploads/2024/05/Reza-Pishro-Namahdood.mp3",
        "https://ememay.ir/wp-content/uploads/2024/05/Reza-Pishro-Miri-Tu-Lak.mp3",
        "https://sv.jenabmusic.com/94/mordad/1/Ali%20Sorena%20-%20Gheseye%20Man%20[320].mp3",
        "https://sv.jenabmusic.com/94/mordad/1/Ali%20Sorena%20-%20Gonjeshgaka%20[320].mp3",
        "https://sv.jenabmusic.com/94/mordad/1/Ali%20Sorena%20-%20Koodaki%20[320].mp3",
        "https://sv.jenabmusic.com/94/mordad/1/Ali%20Sorena%20-%20Kalagh%20Par%20[320].mp3"
    ],
    "Pop Radio": [
        "http://stream.laut.fm/radio-64"
    ],
    "Radio Javan": [
        "http://rj1.rjstream.com/"
    ],
    "Radio Farda": [
        "https://n13.radiojar.com/cp13r2cpn3quv?rj-ttl=5&rj-tok=AAABfi7mEMwAJUcoSWFfYmEdsg"
    ],
    "Rock Radio": [
        "http://stream.laut.fm/harfe"
    ],
    "Shinkai Makoto - Five centimeters per second.": [
        "https://m17.akniga.club/b/54644/bIoDhyKuJ5rGPM_IFqIC3A,,/01.%20%D0%A1%D0%B8%D0%BD%D0%BA%D0%B0%D0%B9%20%D0%9C%D0%B0%D0%BA%D0%BE%D1%82%D0%BE%20-%20%D0%9F%D1%8F%D1%82%D1%8C%20%D1%81%D0%B0%D0%BD%D1%82%D0%B8%D0%BC%D0%B5%D1%82%D1%80%D0%BE%D0%B2%20%D0%B2%20%D1%81%D0%B5%D0%BA%D1%83%D0%BD%D0%B4%D1%83.mp3"
    ],
    "Aya Hazuki - And again, I say hello.": [
        "https://m17.akniga.club/b/55024/bIoDhyKuJ5rGPM_IFqIC3A,,/01.%20%D0%90%D1%8F%20%D0%A5%D0%B0%D0%B7%D1%83%D0%BA%D0%B8%20-%20%D0%98%20%D1%81%D0%BD%D0%BE%D0%B2%D0%B0%20%D0%B3%D0%BE%D0%B2%D0%BE%D1%80%D1%8E%20%D0%9F%D1%80%D0%B8%D0%B2%D0%B5%D1%82.mp3"
    ],
    "Natsume Akatsky - The Goddess blesses this beautiful world.": [
        "https://m17.akniga.club/b/54240/bIoDhyKuJ5rGPM_IFqIC3A,,/01.%20%D0%9D%D0%B0%D1%86%D1%83%D0%BC%D1%8D%20%D0%90%D0%BA%D0%B0%D1%86%D0%BA%D0%B8%20-%20%D0%90%D1%85,%20%D0%BC%D0%BE%D1%8F%20%D0%B1%D0%B5%D1%81%D0%BF%D0%BE%D0%BB%D0%B5%D0%B7%D0%BD%D0%B0%D1%8F%20%D0%B1%D0%BE%D0%B3%D0%B8%D0%BD%D1%8F.mp3"
    ],
    "Nagatsuki Tappei - Re:Zero. Living in an alternative world from scratch.": [
        "https://m17.akniga.club/b/55324/Od3Ak6Dt6YnLfHZMTZNTsg,,/01.%20%D0%9D%D0%B0%D0%B3%D0%B0%D1%86%D1%83%D0%BA%D0%B8%20%D0%A2%D0%B0%D0%BF%D0%BF%D1%8D%D0%B9%20-%20%D0%96%D0%B8%D0%B7%D0%BD%D1%8C%20%D0%B2%20%D0%B0%D0%BB%D1%8C%D1%82%D0%B5%D1%80%D0%BD%D0%B0%D1%82%D0%B8%D0%B2%D0%BD%D0%BE%D0%BC%20%D0%BC%D0%B8%D1%80%D0%B5%20%D1%81%20%D0%BD%D1%83%D0%BB%D1%8F.mp3"
    ],
    "Jumpei Inuzuka - Café from another world": [
        "https://m17.akniga.club/b/55175/Od3Ak6Dt6YnLfHZMTZNTsg,,/01.%20Inuzuka%20Junpei%20-%20%D0%9A%D0%B0%D1%84%D0%B5%20%D0%B8%D0%B7%20%D0%B4%D1%80%D1%83%D0%B3%D0%BE%D0%B3%D0%BE%20%D0%BC%D0%B8%D1%80%D0%B0.mp3"
    ],
    "Radio 538": [
        "https://23543.live.streamtheworld.com/RADIO538.mp3"
    ],
    "Radio Phonk": [
        "http://stream.laut.fm/phonk"
    ],
    "Radio lbiza": [
        "https://www.youtube.com/live/RRb5XV993W0?si=HLP4hu4uaSmsElo-"
    ],
    "Edm Radio": [
        "http://stream.laut.fm/edm"
    ]
}