{
    "Anime Radio": [
        "https://pool.anison.fm/AniSonFM(320)?nocache=0.05"
    ],
    "Arabian Radio": [
        "http://stream.laut.fm/balkan-orient-deluxe"
    ],
    "Bass Radio": [
        "http://stream.laut.fm/bass-base"
    ],
    "Chill": [
        "https://db.vmusic.ir/2021/05/Lofi%20Sleep%20Chill%20&%20Study%20-%20Relaxing%20Lofi%20Chill%20Beats%20(2021)/128k/07)%20Lofi%20Sleep%20Chill%20&%20Study%20-%20Beats%20Cool.mp3",
        "https://db.vmusic.ir/2021/05/Lofi%20Sleep%20Chill%20&%20Study%20-%20Relaxing%20Lofi%20Chill%20Beats%20(2021)/128k/08)%20Lofi%20Sleep%20Chill%20&%20Study%20-%20Smooth%20Vibes.mp3",
        "https://db.vmusic.ir/2021/05/Lofi%20Sleep%20Chill%20&%20Study%20-%20Relaxing%20Lofi%20Chill%20Beats%20(2021)/128k/09)%20Lofi%20Sleep%20Chill%20&%20Study%20-%20Beats%20For%20Tomorrow.mp3",
        "https://dl.vmusic.ir/2020/12/Ambient%20Relaxation/128k/131)%20Antonin%20Luther%20-%20Gentle%20Clouds%20-%202020.mp3",
        "https://dl.vmusic.ir/2020/12/Ambient%20Relaxation/128k/132)%20P%C3%A1sztor%20Bernadett%20-%20Depth%20Of%20Mind%20-%202020.mp3",
        "https://dl.vmusic.ir/2020/12/Ambient%20Relaxation/128k/133)%20Interstellar%20Journey%20-%20Moons%20In%20The%20Rings%20-%202020.mp3",
        "https://dl.vmusic.ir/2020/12/Ambient%20Relaxation/128k/134)%20Nathanael%20Ekstr%C3%B6m%20-%20N%C3%A4r%20Natten%20Faller%20-%202020.mp3"
    ],
    "Dance Radio": [
        "http://stream.laut.fm/happyfmdance"
    ],
    "Disco Radio": [
        "http://stream.laut.fm/disco"
    ],
    "Electronic Music Radio": [
        "http://stream.laut.fm/bigbeat-radio"
    ],
    "I Love Radio": [
        "https://streams.ilovemusic.de/iloveradio3.mp3"
    ],
    "Jazz Radio": [
        "http://stream.laut.fm/kramladen"
    ],
    "Kpop Hits": [
        "http://stream.laut.fm/kpophits"
    ],
    "Lofi Anime Radio": [
        "http://stream.laut.fm/animealive"
    ],
    "Lofi Study Radio": [
        "https://db.vmusic.ir/2021/05/Lofi%20Sleep%20Chill%20&%20Study%20-%20Relaxing%20Lofi%20Chill%20Beats%20(2021)/128k/10)%20Lofi%20Sleep%20Chill%20&%20Study%20-%20Lofi%20Study%20Time.mp3"
    ],
    "Lofi Panda Radio": [
        "http://stream.laut.fm/pandalounge"
    ],
    "Lofi Radio": [
        "http://stream.laut.fm/lofi"
    ],
    "Persian Rap": [
        "https://cdn.discordapp.com/attachments/1102642297541251092/1284212325737435196/TelegramXbestMusicParsa_Afrazi_2pac__Pishro__Hichkas__Eazy_-_Hommie_Remix.mp3?ex=66e5cf6d&is=66e47ded&hm=6e93d07b664a095d04d75445a011cbadf3a2aa0655a845ee02f8ab4db96b0f5a&",
        "https://cdn.discordapp.com/attachments/1102642297541251092/1284211754351595599/AgAD4hEAAqDzwFI.mp3?ex=66e5cee5&is=66e47d65&hm=c4d70d875a6a5375d6972d12f8ddd55cf0da15274037607b669289f88cd0decf&",
        "https://cdn.discordapp.com/attachments/1102642297541251092/1284211754796187669/AgADHQ4AApMzIVM.mp3?ex=66e5cee5&is=66e47d65&hm=25ee262411a2fa1266a40d7e8e248af0fc95ba8843e06a299c786c22494bc9d2&",
        "https://cdn.discordapp.com/attachments/1102642297541251092/1284211755278536765/AgADiAoAAiVEIFA.mp3?ex=66e5cee5&is=66e47d65&hm=a0a67abf5734d9c0db18dc0af06427498264d01abcccadc732066d510cbd2611&",
        "https://cdn.discordapp.com/attachments/1102642297541251092/1284211755601362944/AgADKQwAAvS0yVI.mp3?ex=66e5cee6&is=66e47d66&hm=4d34b6bc5763530678bf9c200b8617de7909c5ef93e187ddf456c927a1bae861&",
        "https://cdn.discordapp.com/attachments/1102642297541251092/1284211755979116544/AgADSQgAAojW-FI.mp3?ex=66e5cee6&is=66e47d66&hm=98703800d5bdf43c9f3e408beb703b2ed71568e9ea84fdc922b5d5907a844383&",
        "https://cdn.discordapp.com/attachments/1102642297541251092/1284211756352274546/AgADxwwAAptGiFA.mp3?ex=66e5cee6&is=66e47d66&hm=8257737c8a30164cb871d9d0b6e85b47d550c4acaad39e7ae0e149e60bdf513e&",
        "https://cdn.discordapp.com/attachments/1102642297541251092/1284211756721377382/Gang_Remix_Number_01_Melodya.mp3?ex=66e5cee6&is=66e47d66&hm=3d78df9413809bc5d28647794f44327232398e8148c9928a20625a37e915d9a0&",
        "https://cdn.discordapp.com/attachments/1102642297541251092/1284211757224689795/Gang_Remix_Number_03_Melodya.mp3?ex=66e5cee6&is=66e47d66&hm=2017595cdd495bf9a4636927f90c4d901f5533d7377ad1e899cfa8bce5380925&",
        "https://cdn.discordapp.com/attachments/1102642297541251092/1284214552661332181/The_Don_x_Amir_Khalvat_x_Raha_x_Koorosh_x_Hiphopologist_x_Vinak_x_Khalse_-_Ta_Khode_Farda_Remix.mp3?ex=66e5d180&is=66e48000&hm=1d4c17baaffce3096cc04de9b1175667587ec829a72f6ad352b1adac28469d8a&",
        "https://cdn.discordapp.com/attachments/1102642297541251092/1284216197839065270/Gang_Remix_Number_09_Melodya.mp3?ex=66e5d309&is=66e48189&hm=62dff32c55b17bca2362192847887981866feb44551e676603c4a72a1da77cbc&",
        "https://cdn.discordapp.com/attachments/1102642297541251092/1284216198170677403/nasle-3-remix.mp3?ex=66e5d309&is=66e48189&hm=7cb4ccfb384f4d403b30133cc4851eac24e36de74e3685e430786693f845b992&",
        "https://cdn.discordapp.com/attachments/1102642297541251092/1284216198522863698/2022nassim-and-reza-pishro.mp3?ex=66e5d309&is=66e48189&hm=183ac84a443530c2c379e2364b67830ddca071ba89e7f981587fc9c509650734&",
        "https://cdn.discordapp.com/attachments/1102642297541251092/1284216198896160839/ahoora-tabar-128.mp3?ex=66e5d309&is=66e48189&hm=206d081f10a5dd437aaff11064ae3e6ba33b71f1c32ec07cbfd4f61d7e6a52c0&",
        "https://cdn.discordapp.com/attachments/1102642297541251092/1284216199369982094/Gang_Remix_Number_08_Melodya.mp3?ex=66e5d309&is=66e48189&hm=072272fabafa7df55d6a6ce98695fb09be863a9f103a06bc49ac454668da3f49&",
        "https://cdn.discordapp.com/attachments/1102642297541251092/1284236993215201300/Mehrad_Hidden_-_Nakhla_Remix.mp3?ex=66e5e667&is=66e494e7&hm=d856649e6e9abfc68c63f26903bb95db49cabd052f53e3c06f831a1eeff71d0a&",
        "https://cdn.discordapp.com/attachments/1102642297541251092/1284238789753180190/Gang_Remix_Number_14_Melodya.mp3?ex=66e5e813&is=66e49693&hm=c2d0f5c020d93584081f8ea99c72ce3bc0b22c3f6aa68828ff8f240c7562ccec&",
        "https://cdn.discordapp.com/attachments/1102642297541251092/1284239241487974400/the-end-lil-mremix.mp3?ex=66e5e87f&is=66e496ff&hm=19adb801fc6bff337650f024765318c5bccf299fbee5b4fc753ac26f1939823a&",
        "https://cdn.discordapp.com/attachments/1102642297541251092/1284239241945157653/hiprap-remix.mp3?ex=66e5e87f&is=66e496ff&hm=ede990789156b3d81423d4fb43b55387f067a49a600b5bac9dc91e5c0046bd8a&",
        "https://cdn.discordapp.com/attachments/1102642297541251092/1284239242297348169/remix-rap-2021-salatin.mp3?ex=66e5e87f&is=66e496ff&hm=2c17010bbfc3fba18c46287aafa291ebbae6d6a03387adc2a4ad6537e8f365eb&",
        "https://cdn.discordapp.com/attachments/1102642297541251092/1284239242742206567/Sakura_Remix.mp3?ex=66e5e87f&is=66e496ff&hm=6fc1130e733362dcef73d0a6e2f4fe8e6b56de89173c82181a92a66547fa2875&",
        "https://cdn.discordapp.com/attachments/1102642297541251092/1284239243081814096/Gang_Remix_Number_11_Melodya.mp3?ex=66e5e87f&is=66e496ff&hm=c01d4d8e8e0f48af30d67d34cde27bd87e2ff317e30f3843a7fd7f55a2637168&"
    ],
    "Pop Radio": [
        "http://stream.laut.fm/radio-64"
    ],
    "Radio Javan": [
        "http://rj1.rjstream.com/"
    ],
    "Radio Farda": [
        "https://n13.radiojar.com/cp13r2cpn3quv?rj-ttl=5&rj-tok=AAABfi7mEMwAJUcoSWFfYmEdsg"
    ],
    "Rock Radio": [
        "http://stream.laut.fm/harfe"
    ],
    "Shinkai Makoto - Five centimeters per second.": [
        "https://m17.akniga.club/b/54644/bIoDhyKuJ5rGPM_IFqIC3A,,/01.%20%D0%A1%D0%B8%D0%BD%D0%BA%D0%B0%D0%B9%20%D0%9C%D0%B0%D0%BA%D0%BE%D1%82%D0%BE%20-%20%D0%9F%D1%8F%D1%82%D1%8C%20%D1%81%D0%B0%D0%BD%D1%82%D0%B8%D0%BC%D0%B5%D1%82%D1%80%D0%BE%D0%B2%20%D0%B2%20%D1%81%D0%B5%D0%BA%D1%83%D0%BD%D0%B4%D1%83.mp3"
    ],
    "Aya Hazuki - And again, I say hello.": [
        "https://m17.akniga.club/b/55024/bIoDhyKuJ5rGPM_IFqIC3A,,/01.%20%D0%90%D1%8F%20%D0%A5%D0%B0%D0%B7%D1%83%D0%BA%D0%B8%20-%20%D0%98%20%D1%81%D0%BD%D0%BE%D0%B2%D0%B0%20%D0%B3%D0%BE%D0%B2%D0%BE%D1%80%D1%8E%20%D0%9F%D1%80%D0%B8%D0%B2%D0%B5%D1%82.mp3"
    ],
    "Natsume Akatsky - The Goddess blesses this beautiful world.": [
        "https://m17.akniga.club/b/54240/bIoDhyKuJ5rGPM_IFqIC3A,,/01.%20%D0%9D%D0%B0%D1%86%D1%83%D0%BC%D1%8D%20%D0%90%D0%BA%D0%B0%D1%86%D0%BA%D0%B8%20-%20%D0%90%D1%85,%20%D0%BC%D0%BE%D1%8F%20%D0%B1%D0%B5%D1%81%D0%BF%D0%BE%D0%BB%D0%B5%D0%B7%D0%BD%D0%B0%D1%8F%20%D0%B1%D0%BE%D0%B3%D0%B8%D0%BD%D1%8F.mp3"
    ],
    "Nagatsuki Tappei - Re:Zero. Living in an alternative world from scratch.": [
        "https://m17.akniga.club/b/55324/Od3Ak6Dt6YnLfHZMTZNTsg,,/01.%20%D0%9D%D0%B0%D0%B3%D0%B0%D1%86%D1%83%D0%BA%D0%B8%20%D0%A2%D0%B0%D0%BF%D0%BF%D1%8D%D0%B9%20-%20%D0%96%D0%B8%D0%B7%D0%BD%D1%8C%20%D0%B2%20%D0%B0%D0%BB%D1%8C%D1%82%D0%B5%D1%80%D0%BD%D0%B0%D1%82%D0%B8%D0%B2%D0%BD%D0%BE%D0%BC%20%D0%BC%D0%B8%D1%80%D0%B5%20%D1%81%20%D0%BD%D1%83%D0%BB%D1%8F.mp3"
    ],
    "Jumpei Inuzuka - Café from another world": [
        "https://m17.akniga.club/b/55175/Od3Ak6Dt6YnLfHZMTZNTsg,,/01.%20Inuzuka%20Junpei%20-%20%D0%9A%D0%B0%D1%84%D0%B5%20%D0%B8%D0%B7%20%D0%B4%D1%80%D1%83%D0%B3%D0%BE%D0%B3%D0%BE%20%D0%BC%D0%B8%D1%80%D0%B0.mp3"
    ],
    "Radio 538": [
        "https://23543.live.streamtheworld.com/RADIO538.mp3"
    ],
    "Radio Phonk": [
        "http://stream.laut.fm/phonk"
    ],
    "Radio lbiza": [
        "https://www.youtube.com/live/RRb5XV993W0?si=HLP4hu4uaSmsElo-"
    ],
    "Edm Radio": [
        "http://stream.laut.fm/edm"
    ]
}